i,value,constant
0,3.14159265358979323846,pi
1,2.71828182845904523536,e
2,1.61803398874989484820,phi
3,1.41421356237309504880,sqrt2